Workbook

Sheet user_data
C4: Expirimental Data Template
B7: Author
B8: Email
B9: Lab
B10: Institution
B11: Library Name
B12: Description
B13: PubId
B14: Date
B15: Final
B16: Domain
B17: Master Collection

Sheet Init
A1: SBOL Version | B1: 2
A2: Template Name | B2: Excel2sbol_compiler_template_sbol2
A3: Template Version | B3: 1
A4: Homespace | B4: http://www.examples.org/
A10: Sheet Name | B10: Convert | C10: Lib Start Row | D10: Has Collections | E10: # of Collect Rows | F10: Collect Cols | G10: Has Descripts | H10: Descript Start Row | I10: Descript Cols | J10: SBOL Object Type | K10: Molecule Type | L10: Role | M10: FlapjackID
A11: Study | B11: TRUE | C11: 1 | D11: FALSE | G11: FALSE | J11: Collection | M11: placeholder
A12: Assay | B12: TRUE | C12: 1 | D12: FALSE | G12: FALSE | J12: Experiment | M12: placeholder
A13: Sample | B13: TRUE | C13: 1 | D13: FALSE | G13: FALSE | J13: ExperimentalData | M13: placeholder
A14: Signal | B14: TRUE | C14: 1 | D14: FALSE | G14: FALSE | J14: ComponentDefinition | M14: placeholder
A15: NCI_Thesaurus | B15: FALSE | C15: 1 | D15: FALSE | G15: FALSE
A16: molecule_types | B16: FALSE | C16: 1 | D16: FALSE | G16: FALSE

Sheet column_definitions
A1: Sheet Name | B1: Column Name | C1: Multicolumn | D1: SBOL Term | E1: Namespace URL | F1: Type | G1: Split On | H1: Pattern | I1: Tyto Lookup | J1: Sheet Lookup | K1: Replacement Lookup | L1: Object_ID Lookup | M1: Parent Lookup | N1: Lookup Sheet Name | O1: From Col | P1: To Col | Q1: Ontology Name
A2: Study | B2: Study ID | D2: sbol_displayId | E2: http://sbols.org/v2# | F2: String | G2: "" | I2: FALSE | J2: FALSE | K2: FALSE | L2: FALSE | M2: FALSE
A3: Study | B3: Study Name | D3: sbol_name | E3: http://sbols.org/v2# | F3: String | G3: "" | I3: FALSE | J3: FALSE | K3: FALSE | L3: FALSE | M3: FALSE
A4: Study | B4: Description | D4: sbol_description | E4: http://sbols.org/v2# | F4: String | G4: "" | I4: FALSE | J4: FALSE | K4: FALSE | L4: FALSE | M4: FALSE
A5: Study | B5: DOI | D5: sbol_wasDerivedFrom | E5: http://sbols.org/v2# | F5: URI | G5: "" | I5: FALSE | J5: FALSE | K5: FALSE | L5: FALSE | M5: FALSE
A6: Study | B6: URI | D6: Not_applicable | E6: http://sbols.org/v2# | F6: String | G6: "" | I6: FALSE | J6: FALSE | K6: FALSE | L6: FALSE | M6: FALSE
A7: Study | B7: Update | D7: Not_applicable | E7: http://sbols.org/v2# | F7: String | G7: "" | I7: FALSE | J7: FALSE | K7: FALSE | L7: FALSE | M7: FALSE
A8: Assay | B8: Assay ID | D8: sbol_displayId | E8: http://sbols.org/v2# | F8: String | G8: "" | I8: FALSE | J8: FALSE | K8: FALSE | L8: FALSE | M8: FALSE
A9: Assay | B9: Assay Name | D9: sbol_name | E9: http://sbols.org/v2# | F9: String | G9: "" | I9: FALSE | J9: FALSE | K9: FALSE | L9: FALSE | M9: FALSE
A10: Assay | B10: Machine | D10: fj_machine | E10: https://flapjack.rudge-lab.org/ | F10: String | G10: "" | I10: FALSE | J10: FALSE | K10: FALSE | L10: FALSE | M10: FALSE
A11: Assay | B11: Description | D11: sbol_description | E11: http://sbols.org/v2# | F11: String | G11: "" | I11: FALSE | J11: FALSE | K11: FALSE | L11: FALSE | M11: FALSE
A12: Assay | B12: Temperature | D12: fj_temperature | E12: https://flapjack.rudge-lab.org/ | F12: String | G12: "" | I12: FALSE | J12: FALSE | K12: FALSE | L12: FALSE | M12: FALSE
A13: Assay | B13: Study ID | D13: Not_applicable | E13: http://sbols.org/v2# | F13: String | G13: "" | I13: FALSE | J13: FALSE | K13: FALSE | L13: FALSE | M13: FALSE
... A32: Init | B32: SBOL Object Type | D32: sbol_objectType | E32: http://sbols.org/v2# | F32: String | G32: "" | I32: FALSE | J32: FALSE | K32: FALSE | L32: FALSE | M32: FALSE
A33: Init | B33: Molecule Type | D33: sbol_types | E33: http://sbols.org/v2# | F33: URI | G33: "" | I33: FALSE | J33: TRUE | K33: FALSE | L33: FALSE | M33: FALSE | N33: molecule_types | O33: A | P33: B
A34: Init | B34: Role | D34: sbol_roles | E34: http://sbols.org/v2# | F34: URI | G34: "" | I34: TRUE | J34: FALSE | K34: FALSE | L34: FALSE | M34: FALSE | Q34: SO
A35: Init | B35: FlapjackID | D35: fj_ID | E35: https://flapjack.rudge-lab.org/ | F35: URI | G35: "" | I35: FALSE | J35: FALSE | K35: FALSE | L35: FALSE | M35: FALSE

Sheet FlapjackCols
A1: Sheet Name | B1: ColName | C1: FlapjackName
A2: Supplement | B2: Supplement Name | C2: name
A3: Supplement | B3: Chemical ID | C3: chemical
A4: Supplement | B4: Concentration | C4: concentration
A5: Chemical | B5: Chemical Name | C5: name
A6: Chemical | B6: Chemical Description | C6: description
A7: Chemical | B7: Pubchem ID | C7: pubchemid
A8: Vector | B8: Vector Name | C8: name
A9: Vector | B9: DNA ID | C9: dna
A10: Strain | B10: Strain Name | C10: name
A11: Strain | B11: Strain Description | C11: description
A12: Strain | B12: Strain ID | C12: strain
... A38: Study | B38: DOI | C38: DOI
A39: Study | C39: public

Sheet Study
A1: Study ID | B1: Study Name | C1: Description | D1: DOI | E1: URI | F1: Update
A2: =IF(Table_1[[#This Row],[Study Name]]=0,"",Table_1[[#This Row],[Study Name]]) | F2: =IF($B2="","FALSE","TRUE") -> FALSE
A3: =IF(Table_1[[#This Row],[Study Name]]=0,"",Table_1[[#This Row],[Study Name]]) | F3: =IF($B3="","FALSE","TRUE") -> FALSE
A4: =IF(Table_1[[#This Row],[Study Name]]=0,"",Table_1[[#This Row],[Study Name]]) | F4: =IF($B4="","FALSE","TRUE") -> FALSE
A5: =IF(Table_1[[#This Row],[Study Name]]=0,"",Table_1[[#This Row],[Study Name]]) | F5: =IF($B5="","FALSE","TRUE") -> FALSE
A6: =IF(Table_1[[#This Row],[Study Name]]=0,"",Table_1[[#This Row],[Study Name]]) | F6: =IF($B6="","FALSE","TRUE") -> FALSE
A7: =IF(Table_1[[#This Row],[Study Name]]=0,"",Table_1[[#This Row],[Study Name]]) | F7: =IF($B7="","FALSE","TRUE") -> FALSE
A8: =IF(Table_1[[#This Row],[Study Name]]=0,"",Table_1[[#This Row],[Study Name]]) | F8: =IF($B8="","FALSE","TRUE") -> FALSE
A9: =IF(Table_1[[#This Row],[Study Name]]=0,"",Table_1[[#This Row],[Study Name]]) | F9: =IF($B9="","FALSE","TRUE") -> FALSE
A10: =IF(Table_1[[#This Row],[Study Name]]=0,"",Table_1[[#This Row],[Study Name]]) | F10: =IF($B10="","FALSE","TRUE") -> FALSE
A11: =IF(Table_1[[#This Row],[Study Name]]=0,"",Table_1[[#This Row],[Study Name]]) | F11: =IF($B11="","FALSE","TRUE") -> FALSE
A12: =IF(Table_1[[#This Row],[Study Name]]=0,"",Table_1[[#This Row],[Study Name]]) | F12: =IF($B12="","FALSE","TRUE") -> FALSE
A13: =IF(Table_1[[#This Row],[Study Name]]=0,"",Table_1[[#This Row],[Study Name]]) | F13: =IF($B13="","FALSE","TRUE") -> FALSE
... A300: =IF(Table_1[[#This Row],[Study Name]]=0,"",Table_1[[#This Row],[Study Name]]) | F300: =IF($B300="","FALSE","TRUE") -> FALSE

Sheet Assay
A1: Assay ID | B1: Assay Name | C1: Machine | D1: Description | E1: Temperature | F1: Study ID | G1: URI | H1: Update
A2: =IF(Table_17[[#This Row],[Assay Name]]=0,"",Table_17[[#This Row],[Assay Name]]) | H2: =IF($B2="","FALSE","TRUE") -> FALSE
A3: =IF(Table_17[[#This Row],[Assay Name]]=0,"",Table_17[[#This Row],[Assay Name]]) | H3: =IF($B3="","FALSE","TRUE") -> FALSE
A4: =IF(Table_17[[#This Row],[Assay Name]]=0,"",Table_17[[#This Row],[Assay Name]]) | H4: =IF($B4="","FALSE","TRUE") -> FALSE
A5: =IF(Table_17[[#This Row],[Assay Name]]=0,"",Table_17[[#This Row],[Assay Name]]) | H5: =IF($B5="","FALSE","TRUE") -> FALSE
A6: =IF(Table_17[[#This Row],[Assay Name]]=0,"",Table_17[[#This Row],[Assay Name]]) | H6: =IF($B6="","FALSE","TRUE") -> FALSE
A7: =IF(Table_17[[#This Row],[Assay Name]]=0,"",Table_17[[#This Row],[Assay Name]]) | H7: =IF($B7="","FALSE","TRUE") -> FALSE
A8: =IF(Table_17[[#This Row],[Assay Name]]=0,"",Table_17[[#This Row],[Assay Name]]) | H8: =IF($B8="","FALSE","TRUE") -> FALSE
A9: =IF(Table_17[[#This Row],[Assay Name]]=0,"",Table_17[[#This Row],[Assay Name]]) | H9: =IF($B9="","FALSE","TRUE") -> FALSE
A10: =IF(Table_17[[#This Row],[Assay Name]]=0,"",Table_17[[#This Row],[Assay Name]]) | H10: =IF($B10="","FALSE","TRUE") -> FALSE
A11: =IF(Table_17[[#This Row],[Assay Name]]=0,"",Table_17[[#This Row],[Assay Name]]) | H11: =IF($B11="","FALSE","TRUE") -> FALSE
A12: =IF(Table_17[[#This Row],[Assay Name]]=0,"",Table_17[[#This Row],[Assay Name]]) | H12: =IF($B12="","FALSE","TRUE") -> FALSE
A13: =IF(Table_17[[#This Row],[Assay Name]]=0,"",Table_17[[#This Row],[Assay Name]]) | H13: =IF($B13="","FALSE","TRUE") -> FALSE
... A300: =IF(Table_17[[#This Row],[Assay Name]]=0,"",Table_17[[#This Row],[Assay Name]]) | H300: =IF($B300="","FALSE","TRUE") -> FALSE

Sheet Sample
A1: Sample ID | B1: Row | C1: Column | D1: Assay ID | E1: Sample Design ID | F1: URI | G1: Update
G2: =IF($B2="","FALSE","TRUE") -> FALSE
G3: =IF($B3="","FALSE","TRUE") -> FALSE
G4: =IF($B4="","FALSE","TRUE") -> FALSE
G5: =IF($B5="","FALSE","TRUE") -> FALSE
G6: =IF($B6="","FALSE","TRUE") -> FALSE
G7: =IF($B7="","FALSE","TRUE") -> FALSE
G8: =IF($B8="","FALSE","TRUE") -> FALSE
G9: =IF($B9="","FALSE","TRUE") -> FALSE
G10: =IF($B10="","FALSE","TRUE") -> FALSE
G11: =IF($B11="","FALSE","TRUE") -> FALSE
G12: =IF($B12="","FALSE","TRUE") -> FALSE
G13: =IF($B13="","FALSE","TRUE") -> FALSE
... G300: =IF($B300="","FALSE","TRUE") -> FALSE

Sheet Measurement
A1: Measurement ID | B1: Sample ID | C1: Signal ID | D1: Time | E1: Value

Sheet Signal
A1: Signal ID | B1: Signal Name | C1: Signal Description | D1: Signal Color | E1: URI | F1: Update
A2: =IF(Table_17894[[#This Row],[Signal Name]]=0,"",Table_17894[[#This Row],[Signal Name]]) | F2: =IF($B2="","FALSE","TRUE") -> FALSE
A3: =IF(Table_17894[[#This Row],[Signal Name]]=0,"",Table_17894[[#This Row],[Signal Name]]) | F3: =IF($B3="","FALSE","TRUE") -> FALSE
A4: =IF(Table_17894[[#This Row],[Signal Name]]=0,"",Table_17894[[#This Row],[Signal Name]]) | F4: =IF($B4="","FALSE","TRUE") -> FALSE
A5: =IF(Table_17894[[#This Row],[Signal Name]]=0,"",Table_17894[[#This Row],[Signal Name]]) | F5: =IF($B5="","FALSE","TRUE") -> FALSE
A6: =IF(Table_17894[[#This Row],[Signal Name]]=0,"",Table_17894[[#This Row],[Signal Name]]) | F6: =IF($B6="","FALSE","TRUE") -> FALSE
A7: =IF(Table_17894[[#This Row],[Signal Name]]=0,"",Table_17894[[#This Row],[Signal Name]]) | F7: =IF($B7="","FALSE","TRUE") -> FALSE
A8: =IF(Table_17894[[#This Row],[Signal Name]]=0,"",Table_17894[[#This Row],[Signal Name]]) | F8: =IF($B8="","FALSE","TRUE") -> FALSE
A9: =IF(Table_17894[[#This Row],[Signal Name]]=0,"",Table_17894[[#This Row],[Signal Name]]) | F9: =IF($B9="","FALSE","TRUE") -> FALSE
A10: =IF(Table_17894[[#This Row],[Signal Name]]=0,"",Table_17894[[#This Row],[Signal Name]]) | F10: =IF($B10="","FALSE","TRUE") -> FALSE
A11: =IF(Table_17894[[#This Row],[Signal Name]]=0,"",Table_17894[[#This Row],[Signal Name]]) | F11: =IF($B11="","FALSE","TRUE") -> FALSE
A12: =IF(Table_17894[[#This Row],[Signal Name]]=0,"",Table_17894[[#This Row],[Signal Name]]) | F12: =IF($B12="","FALSE","TRUE") -> FALSE
A13: =IF(Table_17894[[#This Row],[Signal Name]]=0,"",Table_17894[[#This Row],[Signal Name]]) | F13: =IF($B13="","FALSE","TRUE") -> FALSE
... A300: =IF(Table_17894[[#This Row],[Signal Name]]=0,"",Table_17894[[#This Row],[Signal Name]]) | F300: =IF($B300="","FALSE","TRUE") -> FALSE

Sheet molecule_types
A1: NAME | B1: Identifiers URI
A2: DNA | B2: http://www.biopax.org/release/biopax-level3.owl#Dna
A3: DNARegion | B3: http://www.biopax.org/release/biopax-level3.owl#DnaRegion
A4: RNA | B4: http://www.biopax.org/release/biopax-level3.owl#Rna
A5: RNARegion | B5: http://www.biopax.org/release/biopax-level3.owl#RnaRegion
A6: Protein | B6: http://www.biopax.org/release/biopax-level3.owl#Protein
A7: SmallMolecule | B7: http://www.biopax.org/release/biopax-level3.owl#SmallMolecule
A8: Complex | B8: http://www.biopax.org/release/biopax-level3.owl#Complex

Sheet Unique_names
A1: Study | B1: Assay | C1: Sample | D1: Signal
A2: =IF(Study!B2=0,"",Study!B2) | B2: =IF(Assay!B2=0,"",Assay!B2) | C2: =IF(Sample!A2=0,"",Sample!A2) | D2: =IF(Signal!B2=0,"",Signal!B2)
A3: =IF(Study!B3=0,"",Study!B3) | B3: =IF(Assay!B3=0,"",Assay!B3) | C3: =IF(Sample!A3=0,"",Sample!A3) | D3: =IF(Signal!B3=0,"",Signal!B3)
A4: =IF(Study!B4=0,"",Study!B4) | B4: =IF(Assay!B4=0,"",Assay!B4) | C4: =IF(Sample!A4=0,"",Sample!A4) | D4: =IF(Signal!B4=0,"",Signal!B4)
A5: =IF(Study!B5=0,"",Study!B5) | B5: =IF(Assay!B5=0,"",Assay!B5) | C5: =IF(Sample!A5=0,"",Sample!A5) | D5: =IF(Signal!B5=0,"",Signal!B5)
A6: =IF(Study!B6=0,"",Study!B6) | B6: =IF(Assay!B6=0,"",Assay!B6) | C6: =IF(Sample!A6=0,"",Sample!A6) | D6: =IF(Signal!B6=0,"",Signal!B6)
A7: =IF(Study!B7=0,"",Study!B7) | B7: =IF(Assay!B7=0,"",Assay!B7) | C7: =IF(Sample!A7=0,"",Sample!A7) | D7: =IF(Signal!B7=0,"",Signal!B7)
A8: =IF(Study!B8=0,"",Study!B8) | B8: =IF(Assay!B8=0,"",Assay!B8) | C8: =IF(Sample!A8=0,"",Sample!A8) | D8: =IF(Signal!B8=0,"",Signal!B8)
A9: =IF(Study!B9=0,"",Study!B9) | B9: =IF(Assay!B9=0,"",Assay!B9) | C9: =IF(Sample!A9=0,"",Sample!A9) | D9: =IF(Signal!B9=0,"",Signal!B9)
A10: =IF(Study!B10=0,"",Study!B10) | B10: =IF(Assay!B10=0,"",Assay!B10) | C10: =IF(Sample!A10=0,"",Sample!A10) | D10: =IF(Signal!B10=0,"",Signal!B10)
A11: =IF(Study!B11=0,"",Study!B11) | B11: =IF(Assay!B11=0,"",Assay!B11) | C11: =IF(Sample!A11=0,"",Sample!A11) | D11: =IF(Signal!B11=0,"",Signal!B11)
A12: =IF(Study!B12=0,"",Study!B12) | B12: =IF(Assay!B12=0,"",Assay!B12) | C12: =IF(Sample!A12=0,"",Sample!A12) | D12: =IF(Signal!B12=0,"",Signal!B12)
A13: =IF(Study!B13=0,"",Study!B13) | B13: =IF(Assay!B13=0,"",Assay!B13) | C13: =IF(Sample!A13=0,"",Sample!A13) | D13: =IF(Signal!B13=0,"",Signal!B13)
... A300: =IF(Study!B300=0,"",Study!B300) | B300: =IF(Assay!B300=0,"",Assay!B300) | C300: =IF(Sample!A300=0,"",Sample!A300) | D300: =IF(Signal!B300=0,"",Signal!B300)

Sheet NCI_Thesaurus
A1: NAME | B1: Identifiers URI
A2: GrowthMedium | B2: http://purl.obolibrary.org/obo/NCIT_C85504
